{"animations":[{"name":"test","property":"position","framePerSecond":60,"dataType":1,"loopBehavior":1,"blendingSpeed":0.01,"keys":[{"frame":0,"values":[0,0,0.44465277020882926,[0,0,0],[0,0,0.28615917407074093]]},{"frame":8.026250985602074,"values":[1.0099314427057586,0.7760512408088234,0.37999990342737755,[0,0,0],[0,0,0.05196145826894496],0]},{"frame":20.069746568398987,"values":[0.34152801243190556,6.265057080925424,0.14650500677712913,[-0.04809101526377532,-0.09096175795934971,0]]}],"ranges":[]}]}